{"cameraMode":{"drawMode":0,"name":"Shaded","section":"Shading Mode"},"sceneLighting":true,"audioPlay":false,"sceneViewState":{"m_AlwaysRefresh":false,"showFog":true,"showSkybox":true,"showFlares":true,"showImageEffects":true,"showParticleSystems":true,"showVisualEffectGraphs":true,"m_FxEnabled":true},"in2DMode":false,"pivot":{"x":4.988914489746094,"y":0.24259567260742188,"z":-4.097169876098633},"rotation":{"x":0.05159096419811249,"y":-0.9304111003875732,"z":0.3331109881401062,"w":0.14404907822608949},"size":3.8465380668640138,"orthographic":false}